ds,Most Likely Case,Worst Case,Best Case
2018-10-08,95.796661954607,91.25164795108158,100.81957007683481
2018-10-09,96.00302391621624,91.14245254662103,100.58481891378109
2018-10-10,96.20928234086715,91.63432152619886,101.10683313044018
2018-10-11,96.33843963944031,91.3382921061813,100.80865414758661
2018-10-12,96.62583143045346,91.69765527017015,101.26801976472203
2018-10-15,97.24123644909477,92.31130629805054,101.67747630766488
2018-10-16,97.48113387447269,92.82406950672706,102.30152708069836
2018-10-17,97.70606647022869,93.1459282008686,102.90888952161059
2018-10-18,97.83961113240315,93.10268433569863,102.4649690328547
2018-10-19,98.11789919750284,93.74695031221007,102.34543470030239
2018-10-22,98.63582484048365,93.89787252200276,103.45049234537356
2018-10-23,98.82418140668976,94.19660608179308,103.62184842917398
2018-10-24,98.99048998089322,94.34907013085785,103.49259904842123
2018-10-25,99.05988826129499,94.74893556249653,103.75248835988023
2018-10-26,99.27008871843843,94.79278551058165,104.17438694451751
2018-10-29,99.57559270148495,94.90445650296266,104.53608440370361
2018-10-30,99.6952849959184,94.46491273818754,104.57158400798765
2018-10-31,99.79619668984286,95.31371832250058,104.57505281411585
2018-11-01,99.80459869443864,95.23045616966908,104.62069512387637
2018-11-02,99.95919104650315,95.31117868653567,104.9876387582168
2018-11-05,100.13766960339056,95.30433447683102,104.90132312493914
2018-11-06,100.22993306986098,95.1460808040573,104.89597172121995
2018-11-07,100.31126909100385,95.41559993660803,104.97556004193461
2018-11-08,100.3079362973851,95.72537089342885,105.3479377375214
2018-11-09,100.45846466772508,95.98746772374645,105.12188799820004
2018-11-12,100.66692719257256,95.82107494812377,105.2253079971295
2018-11-13,100.78133456206388,95.99461772483805,105.54544590266205
2018-11-14,100.88967249072194,95.90337035668735,105.60559483196732
2018-11-15,100.91734585877686,96.25074669894647,105.7513789310733
2018-11-16,101.10197158963372,96.28197216404804,105.81327830188151
2018-11-19,101.4216037437619,96.90795711710491,105.7350494279629
2018-11-20,101.57273781021365,96.70402071032177,106.30500114532812
2018-11-21,101.71601441157166,96.8350225799309,106.84062527268536
2018-11-23,101.98915218796256,97.29589132316295,106.93419359531686
2018-11-26,102.36515828052644,97.4629908552138,107.32512488710854
2018-11-27,102.52302303074075,97.98762483505575,107.38064114471113
2018-11-28,102.66610939296939,97.77982098899825,107.39571104207583
2018-11-29,102.71850833451776,97.5481365071015,107.34524734127788
2018-11-30,102.91667920035431,98.05324426765213,107.52479108798711
2018-12-03,103.23867649748847,98.59233041599987,108.04527278054012
2018-12-04,103.36328070649044,98.57229161700104,107.95313386029369
2018-12-06,103.47104013127446,99.08022787726988,108.00777805477136
2018-12-07,103.61571191692443,98.89428957883294,108.53497779576311
2018-12-10,103.70901032996875,99.03888094343726,108.72136376101572
2018-12-11,103.75002242801725,98.9269734083157,108.34749876008684
2018-12-12,103.76697211384797,99.13202030718732,108.54287668772503
2018-12-13,103.68543899779142,98.9362374434115,108.08994188817269
2018-12-14,103.74353059702581,98.7996174628931,108.42423213087307
2018-12-17,103.58911805935175,98.73598433123937,108.36450049470554
2018-12-18,103.55538409718356,98.72013333393325,108.49714928712686
2018-12-19,103.50334122699559,98.66484732437281,107.84058620204448
2018-12-20,103.35959396703993,98.63019252542156,107.99665839886148
2018-12-21,103.36319437057793,98.94654049774675,108.11779188250775
2018-12-24,103.09949704834959,98.5807554368323,107.63968245462331
2018-12-26,102.99154420861518,98.2544587215214,107.59917159174915
2018-12-27,102.85275372937959,98.0590817439821,107.53503460347375
2018-12-28,102.87197893462199,98.26099875090141,107.41591984516675
2018-12-31,102.7157539316277,98.09750162120866,107.13893305584973
2019-01-02,102.72339261480174,98.16317489719611,107.24533557010601
2019-01-03,102.65273593658543,98.16326394183243,107.31887892791278
2019-01-04,102.745381413987,97.80340250492542,107.45228862614344
2019-01-07,102.82721454499358,97.92154502804429,107.48657139838329
2019-01-08,102.9113680500674,98.16628206303294,107.23732093100162
2019-01-09,102.99337461047298,98.63853227773207,107.96203966463332
2019-01-10,102.99732742681915,98.39402605530138,108.03954084564839
2019-01-11,103.15950915189082,98.33888893723166,107.73170401216504
2019-01-14,103.40627635079913,98.99596109906446,108.04024670605351
2019-01-15,103.5270997805775,98.73837768410317,108.38817864161737
2019-01-16,103.63516005971641,99.08089604053279,108.47791584859387
2019-01-17,103.65396050491991,99.44653693670836,108.33280058867254
2019-01-18,103.81940447807192,99.0786539131471,108.71904556302258
2019-01-22,104.08425520292221,99.37018050035917,108.8804794509678
2019-01-23,104.13957701653214,99.34999408179284,108.80241605458586
2019-01-24,104.09627001694035,99.60115439084595,108.888130026238
2019-01-25,104.19126329286965,99.28091015017415,108.94599955988579
2019-01-28,104.12846876644987,99.50564293331273,108.73733260797621
2019-01-29,104.11545082380216,99.39923175474318,108.76054770856875
2019-01-30,104.07761720699199,99.25351543401626,108.98388813386
2019-01-31,103.94069692698882,99.20584560518171,108.73918368583458
2019-02-01,104.06996217813531,99.34998720587866,108.70328466102404
2019-02-04,104.12649457835602,99.48120534947748,108.6159258649606
2019-02-05,104.16188399279804,99.68206797140054,108.67290465932295
2019-02-06,104.17791884645196,99.43269808136891,108.80958927402763
2019-02-07,104.10073413698451,99.31384493249357,108.56219653514752
2019-02-08,104.16876697306915,99.25802985244974,108.84807275188058
2019-02-11,104.07724159832841,99.37414082017114,108.76819932492087
2019-02-12,104.07399179689806,99.07353854946416,108.5333728627716
2019-02-13,104.05577581681375,98.98696208246768,108.81779486312763
2019-02-14,103.94796782434574,99.26248119291178,108.63654577149381
2019-02-15,103.98816608400419,99.06242102661896,108.48286350811767
2019-02-19,103.79238887491114,99.25796249801697,108.27595803960186
2019-02-20,103.74743677258385,98.76040369522813,107.94961830853994
2019-02-21,103.61099852638847,98.9278618622731,108.21569200588982
2019-02-22,103.62027847236529,98.92344332546844,108.4284809201723
2019-02-25,103.34570409620174,98.36636683725614,108.07951243410663
2019-02-26,103.27712464833748,98.57283195795881,107.90215438075332
2019-02-27,103.1911600728928,98.15852465796769,107.95892289588899
2019-02-28,103.01355443343431,97.95154397787628,107.8664496901572
2019-03-01,102.98265519468596,98.4315876812221,107.67530807385953
2019-03-04,102.60763628815386,98.2764825410782,107.42078732730222
2019-03-05,102.51768336776752,97.71126623797585,107.36532926034802
2019-03-06,102.41931195954525,97.84778400246303,107.00621556363953
2019-03-07,102.24004333923365,97.32991628069608,106.87157145891622
2019-03-08,102.21995292540616,97.49957941554545,106.96912099184323
2019-03-11,101.96765576399811,97.22953309291943,106.87588237946763
2019-03-12,101.95290813369705,97.19782570676075,106.84850136906596
2019-03-13,101.9483505791793,97.2193469805942,106.2371247157726
2019-03-14,101.88191049717393,97.28710581542694,106.67981703352535
2019-03-15,101.99371040348014,97.27095944117949,106.86846824115999
2019-03-18,102.2461137861108,97.51590806255176,107.12783569938296
2019-03-19,102.43216420129325,98.22543980734008,106.88515339652022
2019-03-20,102.64181146523619,98.18209362640735,107.52017980459794
2019-03-21,102.80070051240354,98.05993943469605,107.42547053046982
2019-03-22,103.14634053044755,98.64911374635552,107.70769537709774
2019-03-25,104.1211461349468,99.19800328087439,108.98980403076334
2019-03-26,104.54391958878004,99.96232066409746,109.19499834922719
2019-03-27,104.98245794427659,100.3608792886654,109.47913787793723
2019-03-28,105.3589066929015,100.41999939596668,110.12043006885537
2019-03-29,105.90735818371923,101.32786185031397,110.40697128357253
2019-04-01,107.37065080009195,102.78876584480197,112.09997336594596
2019-04-02,107.90715383953275,103.10375676345433,112.42128988287519
2019-04-03,108.43120908776017,103.49297761775583,113.00618829777005
2019-04-04,108.86340977116254,104.10225883251512,113.16782457351346
2019-04-05,109.43678316319537,104.41637417133481,114.26785820648145
2019-04-08,110.78702844475508,106.09223514258878,115.30231253812589
2019-04-09,111.22497518380328,106.12174180869822,116.05213862471163
2019-04-10,111.62222181205124,106.7029709225288,116.40537792891014
2019-04-11,111.90142176548216,107.06599698978253,116.47761700932784
2019-04-12,112.29811399345249,107.75978311706147,116.88127644781376
2019-04-15,113.00706390837175,108.32249786962065,117.85316567302385
2019-04-16,113.20591672466037,108.25804471003435,117.7990687157868
2019-04-17,113.35777981667138,108.85200671805208,117.93005041810667
2019-04-18,113.38927298419502,108.85845636003117,118.01534271948623
2019-04-22,113.55809023373992,109.07724866201248,118.34240655601425
2019-04-23,113.55398632344831,108.88973944456916,118.20894591315087
2019-04-24,113.52149101175584,108.93226754287492,118.4405942946216
2019-04-25,113.38961187026368,108.80383741439593,118.05283246054579
2019-04-26,113.3997780703362,108.34871137951895,117.87928488965304
2019-04-29,113.14624976398889,108.48409770148251,118.00485975700846
2019-04-30,113.10294201825573,107.94172581198424,117.75768267460793
2019-05-01,113.05642848022522,108.34247383346062,117.94483681626576
2019-05-02,112.93470047675942,108.58614435191909,117.81505852666693
2019-05-03,112.97773635726428,108.5789798126441,117.57809857711798
2019-05-06,112.93904604413258,108.20682817228953,117.70970008316954
2019-05-07,112.99792158493597,108.2094015470029,117.79842088380734
2019-05-08,113.06426541337993,108.21637088351899,117.85206258347925
2019-05-09,113.06312464764683,108.1731657596821,117.66044338913596
2019-05-10,113.23150913070893,108.54143918984377,117.88146160732528
2019-05-13,113.56875072392238,108.72980391372161,118.44249243932602
2019-05-14,113.74409527831476,108.9882995326872,118.64215473678712
2019-05-15,113.91865092341534,108.82685255540424,118.7870023855194
2019-05-16,114.01559565735575,109.50751800423154,118.67909336382606
2019-05-17,114.27040636279122,109.36279642325239,119.51642922453131
2019-05-20,114.78709328721449,109.68987946889396,119.51289902954068
2019-05-21,114.99421803921871,109.80634237067014,119.77346567526635
2019-05-22,115.18674268921683,110.31402195382785,119.56999433787739
2019-05-23,115.2884863368316,110.40157974494808,120.366533132406
2019-05-24,115.535875097906,110.60755285650104,120.31990537219114
2019-05-28,116.1354545702112,111.21236380537246,121.10677473075957
2019-05-29,116.2817543492887,111.6525889066358,120.88160423324832
2019-05-30,116.20335917923236,111.35590585062167,120.48262769072132
2019-05-31,116.27019303842171,111.66524950599239,120.99755536414204
2019-06-03,116.17850568493878,111.01736000130347,120.81143603966552
2019-06-04,116.17882696841922,111.58343343254143,120.64600704873855
2019-06-05,116.16782980457324,111.52229379544399,121.16785274660926
2019-06-06,116.07227828129884,111.01427520605954,120.93243150490451
2019-06-07,116.13129735991855,111.33524356400721,120.46396931712509
2019-06-10,116.0763582207645,111.3266335100478,120.84935190316429
2019-06-11,116.10913211357638,111.64782301823723,120.90759583356342
2019-06-12,116.14016947039366,111.6835617351596,120.78660962260803
2019-06-13,116.09560324786486,111.19055157270994,120.95738108398692
2019-06-14,116.21374570556151,111.25394515540778,120.88486686639263
2019-06-17,116.37474006663271,111.55962811708773,121.08970218037733
2019-06-18,116.48842505992685,112.17028989113571,121.52336504832162
2019-06-19,116.60274004108716,111.7036023320353,121.38100928528435
2019-06-20,116.6425393465747,111.71585866911163,121.40621858033494
2019-06-21,116.84488507662341,112.32828634030525,121.59435874757483
2019-06-24,117.2459664817526,112.56013375565433,121.89693285074667
2019-06-25,117.43211799990443,112.49616775996782,122.06319812922972
2019-06-26,117.61370925684106,112.95156011572784,122.31600272187583
2019-06-27,117.71494156507424,113.00471578158515,122.48799976797007
2019-06-28,117.97235885459904,113.24836566159595,122.60849665536081
2019-07-01,118.49729231548626,113.85755405645516,123.25654527612106
2019-07-02,118.71049546190935,114.35659126317687,123.56869548055109
2019-07-03,118.91207540442393,114.17523692489327,123.78877708178109
2019-07-05,119.29027033307898,114.50127051343217,124.26450024770762
2019-07-08,119.79787320722502,115.09945571165186,124.4145013092873
2019-07-09,119.99430340844245,115.49651693694452,125.00175364939741
2019-07-10,120.17426129469162,115.67955938587879,124.57470380835774
2019-07-11,120.26250676132037,115.49328972143485,125.15711092662123
2019-07-12,120.49620268503497,115.74163619565435,125.21412694846411
2019-07-15,120.89225837949968,116.30212993087886,125.55313784035786
2019-07-16,121.04555568024514,116.30406865585263,126.08046287581553
2019-07-17,121.17989340091157,116.46114788059467,126.13462198692126
2019-07-18,121.22030718045004,116.5363415421397,126.03080870656872
2019-07-19,121.40423268379763,116.54903156491991,125.94129252235714
2019-07-22,121.6421799994122,117.02563704612173,126.12278958452777
2019-07-23,121.74087367165679,116.59040056287692,126.04016639487935
2019-07-24,121.8202388880017,117.43808194882659,126.86277862580772
2019-07-25,121.80570996013694,117.27815000024157,126.11056882096773
2019-07-26,121.93515815876464,117.22400952329737,126.62543964614731
2019-07-29,122.01735803081473,117.31552041255844,126.98254395221527
2019-07-30,122.06847859378716,117.69821635078604,126.76843247064106
2019-07-31,122.10338248091436,117.15607895136688,126.8115242142123
2019-08-01,122.04807640843137,117.24352514090396,126.55838475024535
2019-08-02,122.14099116255431,117.82170954524194,127.16475402860186
2019-08-05,122.1441276023306,117.11879038797618,126.89745600912138
2019-08-06,122.18047417909067,117.34918099998777,126.8919559763096
2019-08-07,122.2068913704277,117.41447443558219,126.58412444107208
2019-08-08,122.14952847316104,117.50066917845562,127.12547280672676
2019-08-09,122.24683543101419,117.41074884670726,127.0423370518416
2019-08-12,122.2999679660147,117.66569843519764,126.91469647751374
2019-08-13,122.36389633026346,117.33219531732561,126.99346998431032
2019-08-14,122.42230427733055,117.40518713665782,127.10719050597359
2019-08-15,122.40049699429446,117.72260901381476,127.16014084751136
2019-08-16,122.53595019872678,117.48581715870246,127.12042005555742
2019-08-19,122.7077060253602,117.98012634293255,127.46478243364179
2019-08-20,122.80839091778947,118.11842000912556,127.48305228881968
2019-08-21,122.8999647502563,118.14621212829549,128.00625023336656
2019-08-22,122.90640825789885,118.31063061484123,127.47284161111236
2019-08-23,123.06391208715506,118.39119882571578,127.83664253493883
2019-08-26,123.25302289299894,118.5423138340088,127.95274729656506
2019-08-27,123.33999489901115,118.83456406073874,128.25319869941552
2019-08-28,123.40690655537375,118.80983755156241,128.31237776121702
2019-08-29,123.37731970592885,118.65003463671474,127.74323253057132
2019-08-30,123.48723470066766,118.83994887960458,128.43411028897233
2019-09-03,123.4622005478635,118.76477523423894,128.51231636739723
2019-09-04,123.42954952470917,118.83880889490138,128.11877999904485
2019-09-05,123.29289969812903,118.475191610107,128.01993492861868
2019-09-06,123.2897440457673,118.52092670682991,127.75336493139079
2019-09-09,122.91078335261511,117.97517784515435,127.85304667050144
2019-09-10,122.78803878131676,117.61538667388281,127.45079862196744
2019-09-11,122.64003752570883,118.00494242102961,127.71344665338003
2019-09-12,122.39371438073714,117.90132333395525,127.18923110382805
2019-09-13,122.2886144985414,117.82803121644437,126.58095591786177
2019-09-16,121.6692705278325,116.99880124550256,126.47849414042199
2019-09-17,121.49381435328367,116.96022000391082,126.50257171439318
2019-09-18,121.30910499986493,116.26619868580131,125.58737291008954
2019-09-19,121.04308761057324,116.44302284978971,125.76854019160528
2019-09-20,120.9360391683862,116.16204026598834,125.82993843376735
2019-09-23,120.37107574661972,115.34905686539763,124.7738742026703
2019-09-24,120.24958200992137,115.07430283303506,124.88514693161207
2019-09-25,120.13568919521082,115.17978579890422,124.83889754065147
2019-09-26,119.95626746300702,115.37297945686639,124.63843446351326
2019-09-27,119.95025336803963,114.93481236575337,124.55199760411857
2019-09-30,119.80728887332174,114.95145388887848,124.66381532170479
2019-10-01,119.84322475823306,115.08561420243848,124.60526660317437
2019-10-02,119.89156746923747,115.03898153797608,124.27084313911887
2019-10-03,119.8769344475325,115.23369676925421,124.78059442207957
2019-10-04,120.03599702135197,115.3205441343344,125.03531381076517
2019-10-07,120.3680248748585,115.40030532085599,124.91529195305782
2019-10-08,120.54872848789086,115.87676635709475,125.14187164013936
2019-10-09,120.73202621855334,116.34381104804922,125.34233830957119
2019-10-10,120.84100807865654,116.27119460303705,125.50470742993312
2019-10-11,121.11104715057387,116.52380821627784,125.91684085017532
2019-10-14,121.69097701857778,117.06502166371334,126.53762039117376
2019-10-15,121.92423324604387,116.93307477754476,126.72982783689889
2019-10-16,122.14484373968958,117.33673786856156,127.1998188753126
2019-10-17,122.27617032506869,117.33909081321285,126.68126373527267
2019-10-18,122.55410214510282,117.87126397818265,127.38222567311905
2019-10-21,123.07942005040849,118.46890507709078,127.7776191291146
2019-10-22,123.27210255786525,118.53999584286653,128.14211266864706
2019-10-23,123.44318150044255,118.89960538348296,128.3653476121681
2019-10-24,123.51751000761821,119.101131753252,128.59976408386964
2019-10-25,123.73252806996094,118.8331958602514,128.66469968310946
2019-10-28,124.04935776850641,119.41600597904596,128.85945166527702
2019-10-29,124.17108243287801,119.50142473393711,128.834488719744
2019-10-30,124.27287299407915,119.64075679267327,128.88760574298533
2019-10-31,124.28087615174107,119.56158245395338,128.95768692600197
2019-11-01,124.43369928680939,119.60968717575906,129.57030676801415
2019-11-04,124.59819605446772,119.88486087071459,129.30091094262474
2019-11-05,124.68291028012563,119.82904840486852,129.21235951048482
2019-11-06,124.75532603511974,120.00840018000703,129.4628718940373
2019-11-07,124.74178503765441,119.82286312237913,129.0888745259588
2019-11-08,124.88092308507613,120.1734963222935,129.72297429166144
2019-11-11,125.04946248842546,120.3707457614363,129.6513476569656
2019-11-12,125.14916489420871,120.334901465158,129.99633333558864
2019-11-13,125.24238519693195,120.4827032457129,130.35702083769095
2019-11-14,125.25470895965634,120.81549986579162,130.23109765370776
2019-11-15,125.42393567456392,120.84221702100963,129.6897254674799
2019-11-18,125.69886944722514,121.1620962855508,130.38742482421935
2019-11-19,125.83617371246113,121.10225441714648,130.6418428841267
2019-11-20,125.96641795187074,120.99988057288616,130.34623096888973
2019-11-21,126.01421618432624,121.52354829195261,130.77551605684766
2019-11-22,126.21642748039014,121.24904296682115,131.12754462414748
2019-11-25,126.56670963058703,121.74810033829623,131.17064496721207
2019-11-26,126.71869975710463,121.74251884162287,131.27896818451563
2019-11-27,126.85733276008816,122.00266122561185,131.64111467017332
2019-11-29,127.10328396877641,122.1969037736464,131.73305905619085
2019-12-02,127.39088199621149,122.6432844960378,132.33112107553555
2019-12-03,127.5064749794378,122.6531770796885,132.07628110140845
2019-12-04,127.60113103423316,123.00671191282188,132.62947059649426
2019-12-05,127.59923335538839,122.63541661074585,132.0518986736866
2019-12-06,127.73762901142844,122.72383582671024,132.11934650953464
2019-12-09,127.81494734812792,122.99615050842561,132.53440175282785
2019-12-10,127.85094001947108,122.97929544069724,132.8703183508891
2019-12-11,127.86268147701982,123.22753574364926,132.9791629951799
2019-12-12,127.77553909386435,122.76322133194088,132.5885556428968
2019-12-13,127.82740807805479,123.3348260306104,132.58701504467498
2019-12-16,127.64859594528272,122.8908468492001,132.40395877561514
2019-12-17,127.60418309415073,123.02489519568431,132.15959484105136
2019-12-18,127.53990783870914,122.80193504879196,132.28049046370342
2019-12-19,127.38223572132694,122.54470952171411,132.10166307041368
2019-12-20,127.37010394179684,122.37400983777212,131.77200128287538
2019-12-23,127.04763654700282,122.29571304222537,131.96612493346242
2019-12-24,126.97396766074162,122.32496464384437,132.0973851620158
2019-12-26,126.72455415548559,122.07434055264025,131.48843453474194
2019-12-27,126.7146947310804,122.1296947111085,131.2426347324219
2019-12-30,126.46225678461863,121.83983987638231,131.4133502453273
2019-12-31,126.43171234469125,121.79794707440819,131.07354702003835
2020-01-02,126.29401896441715,121.68449385362518,130.93441058884036
2020-01-03,126.35077348963804,121.68975047517458,131.3546093984082
2020-01-06,126.3264293353382,121.58179760609912,131.3248377385039
2020-01-07,126.3766275565353,121.71888396565583,131.0255701636204
2020-01-08,126.42584103807356,121.7277217555883,131.15985265573494
2020-01-09,126.39840228601396,121.72205488632805,131.04958846872552
2020-01-10,126.53080821401728,121.76128065712,131.15433592320846
2020-01-13,126.69961930643662,121.96985584108788,131.13942485067287
2020-01-14,126.79862738077331,122.26843297489532,131.87178005968548
2020-01-15,126.88704908402894,122.16925927794833,131.62353004200853
2020-01-16,126.888381397645,122.13141711314987,131.72732821035098
2020-01-17,127.0384795046924,122.46544241617737,131.7347119321321
2020-01-21,127.26089882186454,122.72908935879694,132.4611992387037
2020-01-22,127.30949034688285,122.6331134219406,132.02361654101443
2020-01-23,127.26056765384459,122.63089341183755,131.9329228405757
2020-01-24,127.35081020512807,122.37911449024638,132.17581437542103
2020-01-27,127.27636903148291,122.24874120046381,131.8587033365781
2020-01-28,127.25949103143584,122.3055314551845,131.79804260280915
2020-01-29,127.21741446061256,122.88533429271719,132.2677163966406
2020-01-30,127.07566152807328,122.21276608429648,131.8666446177065
2020-01-31,127.07228057039738,122.42691365941408,131.72739681919677
2020-02-03,126.72493579411133,122.06334443572871,131.355786989428
2020-02-04,126.62345758426602,121.931966809648,131.34452535962103
2020-02-05,126.50146542046146,121.6700466912101,131.2328860647483
2020-02-06,126.28512616686184,121.68704130909734,131.39146974535512
2020-02-07,126.21294288237175,121.42325534731899,131.08892395058365
2020-02-10,125.69549590807436,120.93598991810454,130.53268508592052
2020-02-11,125.54899214509712,120.72566618928218,130.3367553055046
2020-02-12,125.38715695349798,120.94058098273094,130.2573731712216
2020-02-13,125.13553733952271,120.49174744633666,129.86014954184617
2020-02-14,125.03190004236838,120.81755680536607,129.89355182745945
2020-02-18,124.26337330569137,119.66440583033146,129.08776246192346
2020-02-19,124.07636726335767,118.99573030987916,129.01471897012806
2020-02-20,123.79840355426785,118.99632388078851,128.46879252135975
2020-02-21,123.66665338348136,118.74765409888003,128.21024384396958
2020-02-24,122.97096647593322,117.92695619538853,127.86148467153757
2020-02-25,122.76212641222233,118.28736815357107,127.69132138977741
2020-02-26,122.53558105857634,117.94327153004028,127.14866932002698
2020-02-27,122.2167974512468,117.2805956967064,126.8440135191043
2020-02-28,122.04381952281682,117.50673508375554,127.03724429741558
2020-03-02,121.23388563081552,116.42897903307706,126.06828358279914
2020-03-03,120.99495701655928,116.15871712914097,125.68129380573114
2020-03-04,120.74507518517733,116.1310453795012,125.20743444550486
2020-03-05,120.41147566430269,115.6173498006679,124.9658625582062
2020-03-06,120.23398399899423,115.75335838374154,125.24011329263824
2020-03-09,119.48928247084389,114.53394486100933,124.16242228814532
2020-03-10,119.30336627779398,114.5837501629709,123.88489336857067
2020-03-11,119.12414030089673,114.18764448885658,124.29956977141431
2020-03-12,118.87965101482375,114.10871546635384,123.90044741447082
2020-03-13,118.81021532018518,114.12004326951666,123.81152474190083
2020-03-16,118.50284684241095,113.38275814697455,123.10747743593548
2020-03-17,118.49831591022786,113.37490073142813,123.7451703358266
2020-03-18,118.51622175891652,113.51215311510377,123.28888183837911
2020-03-19,118.48278602841785,113.55636547244642,123.20952127931936
2020-03-20,118.63613124193728,114.20722395008869,123.33585321354361
2020-03-23,119.04067027014354,114.33882892732946,123.52225322895121
2020-03-24,119.27771989438098,114.54256750236665,124.31305789557463
2020-03-25,119.53375705809202,114.85232533342453,124.09196977991027
2020-03-26,119.73150014337028,115.04059902842337,124.35501855529577
2020-03-27,120.1055626763101,115.21309901554335,124.75724194013202
2020-03-30,121.07579144763409,116.53980938457627,125.6279308312183
2020-03-31,121.45897318922539,116.54438872274194,126.50505915422907
2020-04-01,121.83549693393022,117.24215845846616,126.36019326767135
2020-04-02,122.12597388332182,117.3316731369958,126.68559425555864
2020-04-03,122.56334902538683,117.9845838929996,127.78308727581842
2020-04-06,123.53765442453492,118.30904665136558,128.130301789504
2020-04-07,123.85974412554614,118.74343426867998,128.66127112590047
2020-04-08,124.14503989481454,119.64422936078874,128.62000412705953
2020-04-09,124.31559670589286,119.87026294324899,129.0165689071583
2020-04-13,125.0061434437372,120.02685367908083,129.79440565498328
2020-04-14,125.10247439287802,120.26887412321776,129.81564499073338
2020-04-15,125.15086261218391,120.47556863720348,129.9173139333654
2020-04-16,125.07723760808908,120.4380591048289,129.60681913092793
2020-04-17,125.12044308859265,120.59500612957285,129.78606001008058
2020-04-20,124.79708701759901,120.01065215600295,129.60107186925822
2020-04-21,124.67119032287866,119.77261002972998,129.42809295345327
2020-04-22,124.5123943339768,119.70906152856415,129.24914026668577
2020-04-23,124.24952073124946,119.34319735549632,129.4427280696236
2020-04-24,124.12390753088025,119.56261795150878,129.1139530325877
2020-04-27,123.43482075632502,118.72095590728087,127.95421640837867
2020-04-28,123.23752486942062,119.05149300505008,128.21618593868882
2020-04-29,123.0331241219362,118.27980153068523,127.92333481083989
2020-04-30,122.7500133763626,117.83240780208273,127.93319993453046
2020-05-01,122.628628673506,118.15487651943037,127.70120036723046
2020-05-04,122.08359381653831,117.23253852146425,126.64775626491051
2020-05-05,121.97114432802515,117.32691316143992,126.25900404320211
2020-05-06,121.86580757172258,116.97716217866962,126.51354406628973
2020-05-07,121.69315926649217,116.98334283407384,126.39683321977122
2020-05-08,121.69070782652925,117.11694730957355,126.35566835483698
2020-05-11,121.52380221982051,116.71782113600082,126.45406594590268
2020-05-12,121.53505407489313,116.82055971574599,126.35366436108225
2020-05-13,121.56526230254457,117.09461122435528,126.25599757347415
2020-05-14,121.52041810365145,117.12917106838681,126.77748183738701
2020-05-15,121.6360812950886,117.46224851679939,126.5562581759191
2020-05-18,121.75097336632889,116.89724015577065,126.50055484891672
2020-05-19,121.82899587328508,117.13181000407988,126.535624857374
2020-05-20,121.89449832360845,117.40749723497288,126.11498123521885
2020-05-21,121.87102854524024,116.90226665797991,126.35070539889585
2020-05-22,121.99470566456677,117.32153413540568,126.86803698969341
2020-05-26,122.10757182494655,117.14130866643627,126.63438123046254
2020-05-27,122.13244818963392,117.27349354498999,126.97693697656668
2020-05-28,122.06363526880034,117.45974219538446,127.02387451707379
2020-05-29,122.13916300659352,117.1003821878876,126.91267477255974
2020-06-01,122.06567785322608,117.32989844800962,126.73880001386492
2020-06-02,122.0687933688162,117.09638535880693,126.69426878669667
2020-06-03,122.05874295271323,117.0556288464212,126.71386026369409
2020-06-04,121.96223470913101,117.17105112020653,126.81660345921347
2020-06-05,122.01838443151952,117.48610932043192,126.82481023705513
2020-06-08,121.94392903965567,117.33296972664542,126.73626755528801
2020-06-09,121.9669470211285,117.14373694423209,126.62550915932219
2020-06-10,121.9868787201913,117.33091544817792,126.86221974877189
2020-06-11,121.93006104379386,117.0107011612796,126.74291676626063
2020-06-12,122.03502791076106,117.26307410205519,126.76802576450953
2020-06-15,122.15330756470011,117.40966363890227,126.91198057192922
2020-06-16,122.25248350346985,117.27279532552613,126.90791684565467
2020-06-17,122.3525342449871,117.60671100073978,126.63885242221805
2020-06-18,122.37852293291814,117.48030348046744,126.87064073242881
2020-06-19,122.56770213327137,117.87102131687092,127.24127330249003
2020-06-22,122.93472154559831,118.50551641922887,127.31547416457266
2020-06-23,123.11173383309051,118.53669002400348,127.75108577531206
2020-06-24,123.28543108631567,118.6949394876495,128.2697347496068
2020-06-25,123.38006005781887,118.63840150526153,127.90427950557331
2020-06-26,123.63218694562876,118.72850933883794,128.09383853278226
2020-06-29,124.14904493276848,119.50554485040364,128.7627141655212
2020-06-30,124.36204363616292,119.39353619615167,129.52259338284983
2020-07-01,124.56457505036727,119.74016256545012,129.51548129918214
2020-07-02,124.68094557641389,119.8980752244571,129.6369771149535
2020-07-06,125.47003741279023,120.68914465925255,129.87198449106762
2020-07-07,125.67287645055374,120.81599444313177,130.81111280056027
2020-07-08,125.8599085403172,121.3182330163166,130.90050787090894
2020-07-09,125.9558326146583,120.89303742813723,131.04232895701261
2020-07-10,126.19790014115523,121.27895101509718,130.91067401005162
2020-07-13,126.62184825215542,122.21438664673738,131.66046734295116
2020-07-14,126.7852111718933,122.16429654710306,131.43405405027812
2020-07-15,126.92992137409493,122.60193333480208,131.9647960161095
2020-07-16,126.98096612362146,122.50722200683636,131.72389715256693
2020-07-17,127.17572927224656,122.15276506164827,132.24192062059245
2020-07-20,127.44683278338819,122.53338964560659,132.1773924573178
2020-07-21,127.5565610728372,122.69314040360985,131.87352973056846
2020-07-22,127.64681800115915,123.30402995490887,132.7052747265141
2020-07-23,127.6429465018328,122.99207753647838,132.48746017837436
2020-07-24,127.78272011520363,122.9581199042516,132.2464708011263
2020-07-27,127.8928618058971,122.92124958815654,132.52073962923032
2020-07-28,127.95192975322313,123.40350728665423,132.65486832637467
2020-07-29,127.9939252340146,123.28185437360966,132.80017298016537
2020-07-30,127.9447606010404,123.25027202040295,132.40370141611854
2020-07-31,128.04278280644078,122.95614433821763,132.76499117644488
2020-08-03,128.0544247311882,123.56966033181426,133.1947858150439
2020-08-04,128.09122612766808,123.39293522519625,132.7981324212166
2020-08-05,128.11691128425997,123.32586571689818,132.65667807577043
2020-08-06,128.05767022576376,123.54920544561202,133.05377299478323
2020-08-07,128.15202131055307,123.65991451019062,133.184910746045
2020-08-10,128.1909238796616,123.34542986419564,133.16965249565527
2020-08-11,128.24882388064123,123.78309262413525,133.1807418902001
2020-08-12,128.3008730072681,123.92582721783558,133.29529000932342
2020-08-13,128.2725942503389,123.36948529542092,133.0949752042752
2020-08-14,128.4016962056187,123.9088365203437,132.73478405227138
2020-08-17,128.55757378672163,123.62900627450986,133.21465881277473
2020-08-18,128.65484649816585,123.73892856856311,133.5436238727759
2020-08-19,128.74434123836738,123.57057956985749,133.74947821431033
2020-08-20,128.7502510404384,124.16557562050154,133.558851109033
2020-08-21,128.90895511477228,124.22824281603012,133.6173033194802
2020-08-24,129.1134891067947,124.57947070566287,133.89176086157843
2020-08-25,129.2098284677187,124.68536491738567,134.39048175419657
2020-08-26,129.28825710208895,124.61401149036634,133.81126988848268
2020-08-27,129.2722898785362,124.52739061718557,134.36465416511552
2020-08-28,129.39783268474824,124.53879100742442,134.01320418328027
2020-08-31,129.43389527382556,124.76158734670348,134.06161518500653
2020-09-01,129.45188610309475,124.97149224865232,134.32316400418026
2020-09-02,129.44190457960306,124.61039707218065,133.90998182283045
2020-09-03,129.32845883655796,124.59214399428473,133.88322447419884
2020-09-04,129.34868162331622,124.43574737694112,134.3579641772556
2020-09-08,128.93458890372307,124.34258399411505,133.78076026264813
2020-09-09,128.80510096103018,124.50221008611405,133.5593386944639
2020-09-10,128.57521180855966,124.30327117730909,133.36661089102526
2020-09-11,128.48414744366633,123.7900066699012,133.0030903706321
2020-09-14,127.88989732138684,123.12990019930358,132.44820610000514
2020-09-15,127.71648967494077,123.02041613089209,132.60150990409613
2020-09-16,127.53047768901527,122.88974817443481,132.4470995128707
2020-09-17,127.25977441602795,122.39455454282576,132.00864731304256
2020-09-18,127.14468252147017,122.39977226894713,131.86332787597306
2020-09-21,126.58563117538522,122.05336791471937,131.27191695968565
2020-09-22,126.46040261316297,122.01289197971846,130.95313564772476
2020-09-23,126.34036382021173,121.47245920984106,131.08198130410997
2020-09-24,126.15271260211868,121.49149681353066,130.55902761064942
2020-09-25,126.13674640219861,121.47263932705629,131.08989717069605
2020-09-28,125.95754733782283,121.15889297778314,130.85446007316853
2020-09-29,125.98066076604161,121.03503895262502,130.94045318910872
2020-09-30,126.01650363843845,121.08340976513884,130.6879128833455
2020-10-01,125.99009624094091,121.33476098466883,130.8295537806728
2020-10-02,126.13849305658236,121.06390870825389,131.05643917632895
2020-10-05,126.44857441806822,121.30030635842486,131.45303944385728
2020-10-06,126.62626271232578,122.16246221934964,131.55219278266037
2020-10-07,126.80906313540655,121.91025700335123,131.52953788080728
2020-10-08,126.92021560619088,122.2049983596627,131.7369486265864
2020-10-09,127.19519335509607,122.38150471820785,131.89242966761344
2020-10-12,127.80680076929275,122.99621443923023,132.4143649339359
2020-10-13,128.05608016376283,123.04708827358625,133.01370758171768
2020-10-14,128.2952556589181,123.65140806402344,132.9081634360868
2020-10-15,128.44751524648333,123.93682094615419,133.01591810325698
2020-10-16,128.74854061640258,124.13635301925322,133.40191031794083
2020-10-19,129.35363419290877,124.74478206877488,134.1068028347879
2020-10-20,129.5754925730854,124.76183724368242,134.3987669577725
2020-10-21,129.7765568356772,125.21267658138231,134.62843235499244
2020-10-22,129.88138754123156,125.04445363682674,134.31797776907138
2020-10-23,130.12713785821907,125.22895944226433,134.7268665072458
2020-10-26,130.53486713542046,125.72330818069325,135.15111396068758
2020-10-27,130.68566067498077,126.22107217033434,135.68581638721696
2020-10-28,130.81556484401364,126.56485142506965,135.61398932277885
2020-10-29,130.85056400107624,125.92978436532539,135.5376507658651
2020-10-30,131.02913353943006,126.59614703623014,135.72390686161054
2020-11-02,131.2625248495201,126.5511728643671,135.83919376553396
2020-11-03,131.3672976945923,126.57633647619248,136.05158706647813
2020-11-04,131.4583329187902,126.72040988615188,136.4697747709582
2020-11-05,131.46202344336118,126.95628607556964,136.38310037952692
2020-11-06,131.6170820701821,126.92073992896843,135.97480827635385
2020-11-09,131.82662201977206,127.22236180804568,136.44319416605654
2020-11-10,131.93819757624027,127.13262937337753,136.83916567449907
2020-11-11,132.04265968725164,127.11693694785353,136.86908691926243
2020-11-12,132.06576806506544,127.29816854702169,136.75656404065418
2020-11-13,132.24550195417686,127.64688594429859,137.20356813389216
2020-11-16,132.55211232015802,127.92678119886803,137.49063542199434
2020-11-17,132.70062154119307,128.07843042909803,137.52283293780638
2020-11-18,132.84267590428038,127.80924652254585,137.61641118248974
2020-11-19,132.9030447176239,128.43886280833146,137.71608014923737
2020-11-20,133.11873008233508,128.4766725654742,138.00645718541693
2020-11-23,133.51606456666053,128.8470460215978,137.6904105039484
2020-11-24,133.68626764264957,129.1926094340261,138.6330380380764
2020-11-25,133.84449090868762,128.75106319035865,138.5184347311931
2020-11-27,134.13388466755816,129.4222763291685,138.94317868040835
2020-11-30,134.49723072791085,129.84597890415188,139.10496507983027
2020-12-01,134.64072553047188,129.79076341586418,139.15719768819673
2020-12-02,134.76447659223106,130.24920866162384,139.4747427649086
2020-12-03,134.79275653783182,130.13179309550173,139.5979660343673
2020-12-04,134.96228266214507,130.05511971843603,139.99291298675
2020-12-07,135.13715291051975,130.6412407564939,139.9258307759957
2020-12-08,135.20645706990317,130.0670328134433,139.8430917385031
2020-12-09,135.25158148214004,130.50009148825802,139.95044039917343
2020-12-10,135.19768591533622,130.79394358354094,140.06974479689188
2020-12-11,135.28245387317003,130.20459985592078,139.70516435294977
2020-12-14,135.1981414428045,129.95529649156444,139.94572424070836
2020-12-15,135.18315253330232,130.45894731923087,139.60552366045266
2020-12-16,135.1469505404016,130.03541650737608,139.97665012475503
2020-12-17,135.01583633847432,129.92881194906323,139.5943984257707
2020-12-18,135.02860260329464,130.40751829443187,139.99422583998674
2020-12-21,134.76979250716244,130.08136043371834,139.29702827503075
2020-12-22,134.71344589425763,130.20969499314504,139.3703820843509
2020-12-23,134.64549761925662,130.01599289862403,139.44869667719712
2020-12-24,134.49277045139087,129.86923274216258,139.2556992660692
2020-12-28,134.26638751431767,129.21898074701906,139.24977034287457
2020-12-29,134.2411427159928,129.31716638823687,138.9477359776937
2020-12-30,134.213996767186,129.6109070573311,138.83515703908785
2020-12-31,134.11106958103437,129.057496929612,138.7084639046123
2021-01-04,134.15413265553914,129.48108004980932,138.91409718625943
2021-01-05,134.20767744479005,129.7702892108857,138.92247933016407
2021-01-06,134.2610729718331,129.09472501330902,138.38673031787835
2021-01-07,134.23891530566303,128.87935800656538,139.1020808602236
2021-01-08,134.3779461642464,129.63838831888825,139.45063065889573
2021-01-11,134.57675833353983,130.01867930086908,139.57744805800158
2021-01-12,134.68967197919443,129.98559097013046,139.39518522557722
2021-01-13,134.79412600506566,130.14750254797647,139.23885761556457
2021-01-14,134.8136625517973,130.33014266873903,139.57222253834982
2021-01-15,134.9841417074415,130.33212666363895,139.8658784097242
2021-01-19,135.30851403466897,130.14743946341832,140.03381778987597
2021-01-20,135.3870436106129,130.52335801885923,139.9857466345612
2021-01-21,135.3694644192766,130.56839059759855,139.9429946618931
2021-01-22,135.49222543165212,130.51646150801324,140.15091005790686
2021-01-25,135.51988033915305,130.66001426601923,140.28980804676686
2021-01-26,135.53768704958404,130.90015941646806,140.13041121121998
2021-01-27,135.53020101351225,131.10631364816493,140.0115098953968
2021-01-28,135.42271105027618,130.6612221032148,140.39785212629658
2021-01-29,135.45305273154554,130.84219881849967,140.21856677917086
2021-02-01,135.20191525439282,130.36745050083613,139.53875897135688
2021-02-02,135.13044179203993,130.29129041477577,139.75578290289099
2021-02-03,135.0373062961812,130.15855144644723,139.9446543130703
2021-02-04,134.84866195563896,130.14127867616588,139.50410771753872
2021-02-05,134.8030347919878,130.32569257508976,139.34233766842962
2021-02-08,134.35915515907826,129.49964069149075,138.98816198758323
2021-02-09,134.2355260891744,129.44962484611384,139.14714207101497
2021-02-10,134.0959887808639,129.28751534365648,138.91155795078492
2021-02-11,133.86625873014998,129.05285860929658,138.74141459379786
2021-02-12,133.7842755108293,128.98744356577222,138.5082112646992
2021-02-16,133.10322952889115,128.85050127093862,138.2391680028889
2021-02-17,132.93896033783818,128.0709083558541,137.83432677946763
2021-02-18,132.68424409709954,128.06502839281035,137.32388185939726
2021-02-19,132.576271437426,127.83885303548881,137.0019917059885
2021-02-22,131.95465431155364,127.0111172230163,136.36459421426562
2021-02-23,131.77104821639878,127.17117442352821,136.35425580917286
2021-02-24,131.56971639432066,126.70547020223599,136.11981314269548
2021-02-25,131.27589052300291,126.26284031411642,136.0483889981397
2021-02-26,131.12734514306555,126.13996377057877,135.47958100688277
2021-03-01,130.3844844383543,125.94277650411124,135.222398619479
2021-03-02,130.23326308495936,125.65367495031386,134.80390252838004
2021-03-03,130.06894703507115,125.16725850184078,134.8855236789163
2021-03-04,129.818454511601,125.07209073820022,134.46213170414853
2021-03-05,129.72131780174198,124.68671941940156,134.53198333279613
2021-03-08,129.19879341833624,124.5342586019434,133.90429201416808
2021-03-09,129.0800943700304,124.64718654769538,133.7850254777354
2021-03-10,128.96454043748597,124.01291064639474,133.7716015885213
2021-03-11,128.78020520688563,124.00225097002729,133.06327063145665
2021-03-12,128.76750598166615,124.12090611642601,133.84884212202365
2021-03-15,128.61197093800254,124.02149228735554,133.51313460669812
2021-03-16,128.65300292237262,124.17871319198608,133.18631685645167
2021-03-17,128.7146577198305,124.01437928972841,133.26366639774457
2021-03-18,128.72367364515057,124.07331876879627,133.1801422556655
2021-03-19,128.91873912057318,124.32462055617316,133.8226436114647
2021-03-22,129.45023151213985,124.66366930722576,133.9714808754614
2021-03-23,129.7323487764233,125.08450322067074,134.33024674543645
2021-03-24,130.0359063105318,125.21966389418345,135.09569706059258
2021-03-25,130.28424253735497,125.2847067032452,134.72240172650152
2021-03-26,130.71255489477517,126.1544987963226,135.65493375128156
2021-03-29,131.87251260251657,127.39113810781227,136.89770342780596
2021-03-30,132.32926675931432,127.42288359013766,137.20049322703932
2021-03-31,132.78499166320722,128.3099279141215,137.7070263035503
2021-04-01,133.1604395308013,128.3326248729017,137.90043381450207
2021-04-05,134.96906073982603,130.05138199793754,139.68904654563687
2021-04-06,135.4036263813205,130.78704467008976,140.28108717139048
2021-04-07,135.80595803231273,131.4721389213742,140.58489600367014
2021-04-08,136.09759660634757,131.29334227158884,141.1987407531959
2021-04-09,136.5128451514108,131.98281957307287,141.51103649827454
2021-04-12,137.30048366804698,132.69785119134718,141.9058392327316
2021-04-13,137.52842526501775,133.0669520830397,142.34172440793498
2021-04-14,137.70837371613482,133.0936092612421,142.65490721941453
2021-04-15,137.76553364465113,132.8075884574073,142.64141882852215
2021-04-16,137.9380498323437,133.14964997890968,142.5589662917956
2021-04-19,137.98745751379425,133.4600655924625,142.5108562524377
2021-04-20,137.97895570255335,133.32547587338246,142.82751090147025
2021-04-21,137.93340935282396,133.1167585487473,142.7510605303832
2021-04-22,137.77933860663057,133.11138575693136,142.53932249440643
2021-04-23,137.75787210477353,133.04883319190245,142.5688471855502
2021-04-26,137.35261131770437,132.55447038017678,142.34414348262814
2021-04-27,137.24062466671964,132.34330620677989,141.7728322973942
2021-04-28,137.11722169012646,132.3199218902414,141.94106701124628
2021-04-29,136.91111847945302,132.06246283067705,141.69452285611973
2021-04-30,136.86313938948715,131.9411068910938,141.78691256583699
2021-05-03,136.52137798436547,131.90946614709006,141.0559060931392
2021-05-04,136.47277434270566,131.74573959124578,141.23954793113316
2021-05-05,136.43024196323228,131.3751520044572,141.17782376360083
2021-05-06,136.31990692531133,131.4505247082762,141.3411480113552
2021-05-07,136.3798120427515,131.23869340175625,141.05170015532394
2021-05-10,136.4051085923115,131.74280862411555,141.20412344257798
2021-05-11,136.48353852137515,132.1359228917727,140.96011168267498
2021-05-12,136.56570017327365,132.10331395272516,141.08313620003142
2021-05-13,136.57516511566803,131.7854932690275,141.57138944695248
2021-05-14,136.74766417415285,131.4434345350343,141.4042406891207
2021-05-17,137.04888131424104,132.56311896351443,142.20971439379264
2021-05-18,137.19416282623044,132.67584546343795,142.02780464401744
2021-05-19,137.3292805734372,132.7272410973514,142.23044421555431
2021-05-20,137.37756738260273,132.72577203944903,142.67397752650146
2021-05-21,137.57488136641226,132.93726121163095,142.20680688772993
2021-05-24,137.87284462829442,133.1086876739173,142.97539902684755
2021-05-25,137.99473904847508,133.25352227079796,143.0870954864975
2021-05-26,138.09772686138035,133.11215527305242,142.8102283356916
2021-05-27,138.10686015609073,133.4217086973149,142.3008760001486
2021-05-28,138.25983239219104,133.452281710617,143.0617704189887
2021-06-01,138.48845380694917,133.63103461823033,143.18416578580647
2021-06-02,138.54933203876132,133.47783273897,143.1770124113718
2021-06-03,138.52192636158438,133.68991895279586,143.09953825254476
2021-06-04,138.6452847472291,133.6287331100271,143.40140250261064
2021-06-07,138.7611100860019,134.1745147201033,143.33260981061838
2021-06-08,138.84399654684327,134.36084677448684,143.60932573837317
2021-06-09,138.92222585026462,133.6622545419496,143.5525918403242
2021-06-10,138.9223085035645,134.27857152666002,144.01754037048178
2021-06-11,139.082977023826,134.641449087684,143.84793372945657
2021-06-14,139.36340761617842,134.70498370526505,144.3099994702363
2021-06-15,139.51577089874624,134.75356640281186,143.89066887366604
2021-06-16,139.66897266609172,134.9802224479688,144.46184444194253
2021-06-17,139.74830254285882,134.91129962916003,144.50033867164896
2021-06-18,139.99122594026474,135.18108412811367,144.52759230363318
2021-06-21,140.52374407896338,135.50120895926725,145.00376527843676
2021-06-22,140.75784886970416,135.87403842237134,145.17697968931859
2021-06-23,140.98979239152396,136.2230183538315,145.59223505659412
2021-06-24,141.1422481761156,136.20571170503644,146.11765304085654
2021-06-25,141.45348342059376,137.03359082295984,146.2312259793397
2021-06-28,142.15552808422046,137.30401416394756,146.92714236088764
2021-06-29,142.43283405125257,137.60755713718524,147.25599576979323
2021-06-30,142.70089990470882,138.25135524953564,147.38835953942475
2021-07-01,142.883976176523,138.03329002717823,147.78334808285908
2021-07-02,143.2187153240107,138.3885229540817,147.58690848131153
2021-07-06,144.224610283016,139.42441246385462,148.9106161608145
2021-07-07,144.48391214694678,139.90736897196794,149.13788378012023
2021-07-08,144.6527872968668,139.55302490111094,149.45947690814697
2021-07-09,144.96827998504781,139.95704401656232,150.11474261989565
2021-07-12,145.61566282722015,140.63246584182974,150.56830139199354
2021-07-13,145.85438965178326,141.2054998384018,150.7881205110532
2021-07-14,146.07482850697625,141.3561987074589,151.08199923852314
2021-07-15,146.2019205000459,141.08953382756138,151.32637152053172
2021-07-16,146.4730017402017,141.77901894994702,151.17672498628832
2021-07-19,146.97415282327643,141.9462062170271,151.47080442149314
2021-07-20,147.16072382742374,142.44718175991528,152.15894199013405
2021-07-21,147.32778469278927,142.71340073080464,152.12559586308709
2021-07-22,147.40059597437534,142.8174919455815,152.17336521124315
2021-07-23,147.61684156391743,142.72545324738618,152.25262897867654
2021-07-26,147.95414645063886,143.1588685190844,152.6936186011928
2021-07-27,148.0878350294746,143.74726074254036,152.82583225650365
2021-07-28,148.2037232250429,143.70658199736522,152.79152255262795
2021-07-29,148.2276203732593,143.2799638409799,152.84671794337243
2021-07-30,148.3977769363649,143.69535875245805,153.38376743026222
2021-08-02,148.61945770570924,143.82273125585752,153.09679258488367
2021-08-03,148.72396152177947,144.1765868870072,153.48974604266118
2021-08-04,148.81614848317187,144.14777306828688,153.92895834910777
2021-08-05,148.82221640012438,144.25234897197475,153.5522225453996
2021-08-06,148.98071758948996,144.28724133251694,153.50870950923138
2021-08-09,149.20587187282766,144.4539024640172,153.90685803978724
2021-08-10,149.32418050603349,144.744295756702,154.00706588103296
2021-08-11,149.43606281003096,144.53320744711866,154.4056226081396
2021-08-12,149.46723516336996,144.45522609471215,154.1188994724438
2021-08-13,149.6556195431979,145.08684687268575,154.2418654165057
2021-08-16,149.99068073774419,145.183159005949,154.680945926617
2021-08-17,150.1489473105354,145.3910897565845,155.25643244009672
2021-08-18,150.3004790576445,145.53633803268588,154.97644310515489
2021-08-19,150.36970284340708,145.4790390360612,155.1624784435928
2021-08-20,150.5932152177544,146.09738872409943,155.24431737454955
2021-08-23,151.0029458396802,146.10264179723677,155.98116065936424
2021-08-24,151.17171749459612,145.9876850490732,156.0186881394072
2021-08-25,151.32472129051737,146.72760972849292,155.80354629559716
2021-08-26,151.38548324546113,146.9313292944091,156.40107473147128
2021-08-27,151.58987406080203,146.6648475020844,156.03393491203028
2021-08-30,151.87413209774212,147.1593740716163,156.5293552113249
2021-08-31,151.97815322792013,147.20933111837638,156.77777983429908
2021-09-01,152.0554504395602,147.35386041414364,156.92259064341354
2021-09-02,152.0302339704948,147.13489957189148,156.8404916130049
2021-09-03,152.13930719439767,147.18074188749512,156.90679518044695
2021-09-07,152.07949196188997,147.3209564218721,156.61703621094262
2021-09-08,152.0363715734083,147.6370838733962,156.88238104578178
2021-09-09,151.8912092161014,146.6572438906933,156.50371825802338
2021-09-10,151.88287688998062,146.98469754104175,156.78381964740086
2021-09-13,151.52176025605078,146.9810233866019,156.54905416596267
2021-09-14,151.42020568143656,146.89595543655295,156.04645423260928
2021-09-15,151.30281535602762,146.51289904959148,156.10808941841145
2021-09-16,151.097399543855,146.55540567360023,155.69221968224682
2021-09-17,151.04421448320886,146.4692479259387,156.00171773580422
2021-09-20,150.65099949335166,145.97138279850955,155.26064298999322
2021-09-21,150.57483783662107,145.70335646696017,155.43651721269316
2021-09-22,150.50110161754077,145.73006987921565,155.34057590441242
2021-09-23,150.35726586581936,145.7028090286352,155.29305307989296
2021-09-24,150.3829463361075,145.77320146760783,155.54551715663965
2021-09-27,150.31933948611416,145.4473560648078,155.13161861359708
2021-09-28,150.3791997985785,145.74398255585461,155.26343446694506
2021-09-29,150.4515920538651,145.37422561031565,155.25998313646735
2021-09-30,150.46195371310336,145.58603829238092,154.91848882937043
2021-10-01,150.64774590657981,145.86018105395058,155.18308033416352
2021-10-04,151.07752832589162,146.29933213539968,155.95712990251616
2021-10-05,151.29872587489822,146.5474110357875,156.1519114718291
2021-10-06,151.52729853510715,146.7439097825774,156.2901263554962
2021-10-07,151.68669615139984,146.83039789984724,156.23824186764685
2021-10-08,152.01255411274954,147.56267346452447,156.93573210394334
2021-10-11,152.79348869330562,148.20829193418314,157.4139781836398
2021-10-12,153.10481612430365,148.30769241261547,157.70886613608351
2021-10-13,153.40874448596082,148.56042547649682,157.98050787960702
2021-10-14,153.62833642283684,148.73685348928484,158.4717989381475
2021-10-15,153.99910894396936,149.21510583568616,159.06749493511046
2021-10-18,154.82579409359758,150.23268550953858,159.76988907478722
2021-10-19,155.12479316564853,150.46362553425905,159.61788811753954
2021-10-20,155.40417299213962,150.83779580009886,160.4276159911768
2021-10-21,155.588202113613,150.92493132246378,160.23233785959766
2021-10-22,155.91374053701517,151.2943608427009,160.54549354116432
2021-10-25,156.5615376798705,152.0767078679501,161.24293631562563
2021-10-26,156.7917103573347,152.18949882847747,161.86833895052231
2021-10-27,157.00028137011,151.88184832831305,161.70377393000456
2021-10-28,157.11303724782758,152.20157649039902,161.99613241994606
2021-10-29,157.36828369290478,152.75431395118534,162.14097325816473
2021-11-01,157.82398639027363,153.0043117304661,162.39683729011517
2021-11-02,158.0000340813096,153.48235450736874,162.80381851460254
2021-11-03,158.16088044112252,153.65166538997067,163.12987720399116
2021-11-04,158.23293443575872,153.56402560865035,162.75976324588075
2021-11-05,158.45495327781742,153.801154406032,162.9722034992788
2021-11-08,158.85777947786482,153.98822185784616,163.78426945459233
2021-11-09,159.0316367269903,154.66127789253113,163.86077800301638
2021-11-10,159.19754404472604,154.73238108087705,164.03161266225908
2021-11-11,159.28142398248053,154.49803267036197,164.0301072425178
2021-11-12,159.52142805720365,154.6458531279291,164.1489419692696
2021-11-15,160.00764094846693,155.22697101425058,164.80055508666828
2021-11-16,160.21622034121376,155.6047484357732,164.82800761001192
2021-11-17,160.4187418096884,155.64123932769147,164.56314990740535
2021-11-18,160.54014239258188,155.84548395705818,165.3447678428235
2021-11-19,160.81758223487012,156.22429051356244,165.70399009182228
2021-11-22,161.40590918304193,156.4109043506773,166.08788109767258
2021-11-23,161.64207550764266,156.73257861395132,166.74091327352602
2021-11-24,161.867563627837,156.87904615459726,166.43878804043788
2021-11-26,162.29562400877865,157.4736998686165,167.37324584383504
2021-11-29,162.87764069394794,157.7757535505992,167.60297829020575
2021-11-30,163.09680914472497,158.303042267097,167.8370971637746
2021-12-01,163.29753673489472,158.59261992316496,167.72148067011656
2021-12-02,163.40401091388352,158.86092586190767,167.81368483892177
2021-12-03,163.65284337622177,158.90109274718787,168.2467828462866
2021-12-06,164.07096465271147,159.39063213354166,168.7510948782373
2021-12-07,164.22259800242486,159.29547002754032,168.5963276772237
2021-12-08,164.35037229720476,159.53009896704026,169.07836084472342
2021-12-09,164.3792489858553,159.75303476077858,169.08310507874882
2021-12-10,164.5467054667643,159.87765654526976,169.49705356311517
2021-12-13,164.70784123793933,159.43467777462843,169.06206010128477
2021-12-14,164.77309584542405,159.99175937528747,169.5083177462166
2021-12-15,164.76544804239617,159.71986942933427,169.34810343628772
2021-12-16,164.66158126833596,159.81529198417803,169.51595983892605
2021-12-17,164.70011902314454,159.95185534954734,169.18390155670707
2021-12-20,164.508384968394,159.80486402744611,169.29483281231154
2021-12-21,164.4706478915992,159.60338592615733,168.98370147558205
2021-12-22,164.41933798290142,159.5535493051213,168.97608694163625
2021-12-23,164.28126736616667,159.4496855480035,168.94516003554222
2021-12-27,164.09466025133236,159.01040280285864,168.68308275211345
2021-12-28,164.07518322694906,159.5293818889515,169.0576723963234
2021-12-29,164.05246095889746,159.11720008433446,169.10469057950505
2021-12-30,163.9528265788652,159.1240978826553,169.05359433029
2021-12-31,164.0148033241267,159.12940937958638,168.53823509748676
2022-01-03,164.0027557632095,159.73366016684187,168.8018635579301
2022-01-04,164.05781357367385,159.1840246188995,169.03885864613395
2022-01-05,164.113210012836,159.39657578740167,168.9053763586422
2022-01-06,164.09382054215035,159.32085011618705,168.71057764860328
2022-01-07,164.23665429800616,159.26319515885774,168.53956235359755
2022-01-10,164.45546543141674,159.9410237059185,169.2654827902878
2022-01-11,164.57857132157991,159.46384058113176,168.95933404516816
2022-01-12,164.6952313880541,159.6216813403662,169.36862246937673
2022-01-13,164.7290830835941,159.65261005190303,169.44937622899855
2022-01-14,164.91604185134508,160.11026143420042,169.24567850754858
2022-01-18,165.3276511099545,160.61655212751967,170.08297948203804
2022-01-19,165.43289085932125,160.80922394720042,170.34052440265282
2022-01-20,165.44368419558558,160.35978910196528,170.40485410030954
2022-01-21,165.5962776218919,160.9456848633492,170.35065249031157
2022-01-24,165.71985178182604,160.91925163012166,170.62785583702274
2022-01-25,165.77092979733752,160.60440313355545,170.44315912228274
2022-01-26,165.79693307890176,161.04290484944374,170.23393469853536
2022-01-27,165.72289918388574,161.11580230699576,170.21076762739378
2022-01-28,165.78642599103438,161.12623341895926,170.4180822660862
2022-01-31,165.63116071785174,160.8857998357546,170.4281645064503
2022-02-01,165.58987026802228,160.74803047756663,170.3804076035158
2022-02-02,165.52583943921798,160.591494107189,170.22899119720935
2022-02-03,165.36516094838944,160.84912859556394,169.8535153281452
2022-02-04,165.3463378131412,160.8118124849636,170.3351666316611
2022-02-07,164.97621256135236,160.17444238497995,169.68848718278636
2022-02-08,164.8752181346636,159.96905136434356,169.29204353310914
2022-02-09,164.75754431846042,160.0571559729116,169.40126942796888
2022-02-10,164.5490602996188,159.67597894092785,169.15236589970064
2022-02-11,164.48787199490351,159.5334798642818,169.22660887496784
2022-02-14,164.01715631850388,159.20769783501598,168.47676134456063
2022-02-15,163.88888749592672,158.76635323990533,168.50741203712346
2022-02-16,163.74562189058076,158.9821103485647,168.63656128996294
2022-02-17,163.51234190411958,158.92187352072852,168.5240832472691
2022-02-18,163.42630509149572,158.7181563451108,167.9994082655246
2022-02-22,162.71378061108283,158.13693683798584,167.64247527465733
2022-02-23,162.5364749638536,158.06304603601964,167.3844131127243
2022-02-24,162.26670777917212,157.61022698874376,166.70794177008074
2022-02-25,162.1420275239962,157.5553426700434,166.62800826065487
2022-02-28,161.46684499722227,156.64793304737614,166.21686454848512
2022-03-01,161.26731585859088,156.9347153456172,166.05608011424005
2022-03-02,161.05296624635636,156.442610000005,165.54147301939722
2022-03-03,160.7503806302966,155.72671128577267,165.21580506368426
2022-03-04,160.59876949273414,155.87824918642565,165.32922978678187
2022-03-07,159.89569734451706,154.7548790249085,164.666494426777
2022-03-08,159.71035431586884,154.3426301199982,164.5601816052482
2022-03-09,159.52467504090382,154.60927723385905,164.42739318983215
2022-03-10,159.26667366871186,154.47004290499925,163.81554812333036
2022-03-11,159.17677677254542,154.06778622053892,163.92129834007946
2022-03-14,158.76965260462578,153.92539569702532,163.665147867339
2022-03-15,158.72092830734286,153.91100764044197,163.32303558352203
2022-03-16,158.69044907263452,154.35696248750406,163.66256038869602
2022-03-17,158.60539655269113,154.26726369509478,163.5876773037283
2022-03-18,158.70496214819363,154.27393919347773,163.5341499166163
2022-03-21,158.94710969889846,154.06962647124027,163.62855135872104
2022-03-22,159.13390992264334,154.51032009603634,163.97940917038676
2022-03-23,159.3437972200907,154.68227038952932,164.417311522666
2022-03-24,159.50075680978242,154.97927938633154,164.05354854326447
2022-03-25,159.84061317400426,155.06804330931638,164.3700531703202
2022-03-28,160.75842818567622,156.03110200179046,165.62956339386153
2022-03-29,161.14383537559144,156.36161785075643,165.66372976586692
2022-03-30,161.53353411683997,156.47501226551415,166.2137272501263
2022-03-31,161.84853440834246,156.74871681296744,166.49655871550624
2022-04-01,162.32198912809667,157.816601715913,167.0336883511015
2022-04-04,163.47297866025497,158.5198995823468,167.95258377475122
2022-04-05,163.87549371588372,159.1088010073391,168.31311708940882
2022-04-06,164.25086547183753,159.4026769538125,168.7542089191452
2022-04-07,164.52022064464146,159.78390883061388,169.28560900162228
2022-04-08,164.917367058249,160.0441018042118,170.02253678671818
2022-04-11,165.66982915480145,160.69982805161422,170.66063231991834
2022-04-12,165.89018389240388,160.78775024743956,170.50138028239667
2022-04-13,166.06341606353703,161.4288849540643,170.76893746218522
2022-04-14,166.11399292280714,161.36859808818107,170.8932485469682
2022-04-18,166.2967513924935,161.83042531720383,171.05329108224012
2022-04-19,166.27204424239525,161.46982285318762,170.85847974014413
2022-04-20,166.20664698964268,161.53558305737943,170.96613086793042
2022-04-21,166.02866941323353,161.1291573256425,170.78770037567216
2022-04-22,165.97891617888814,161.4382859433693,170.7939994569452
2022-04-25,165.46065987709906,160.337856404022,170.02475716955408
2022-04-26,165.30148242888592,160.5654666295677,169.68079736835807
2022-04-27,165.12628344654942,160.31704793899402,169.8948930305859
2022-04-28,164.8640040194649,159.9367829879549,169.31508312083693
2022-04-29,164.7557715086226,160.07724604557336,169.2368989119169
2022-05-02,164.21279783059563,159.5995217591687,168.69376477937354
2022-05-03,164.09189600949856,159.31136699515102,168.95196236616252
2022-05-04,163.97533200201758,159.26686287327087,168.84152686219943
2022-05-05,163.78978518390474,158.9136642629826,168.5807483757166
2022-05-06,163.77385085657932,159.38760483959425,168.72251854578244
2022-05-09,163.57312445346372,158.5086350406537,168.339878089889
2022-05-10,163.57830122655335,159.07044048646935,168.56819670023387
2022-05-11,163.5889328350951,158.96695721954197,168.2627222194102
2022-05-12,163.5289128315809,158.99578226924993,168.20082134950007
2022-05-13,163.63422902073438,158.38492393676017,168.32910659159893
2022-05-16,163.74924335269066,159.26235749538017,169.06906654889676
2022-05-17,163.8377336727309,158.9224342932382,168.694352504601
2022-05-18,163.91860954587284,159.21112838226543,168.61577534993387
2022-05-19,163.91505645654448,159.2109650676973,168.79101408163297
2022-05-20,164.06273019783956,159.29116310147285,168.75410924448968
2022-05-23,164.22227702020402,159.14565859784938,169.44237918129176
2022-05-24,164.30047134680925,159.6580873468469,168.93051727774522
2022-05-25,164.36039622506675,159.40805308353234,169.27701017561412
2022-05-26,164.3267433444797,159.7297609317632,169.37370211837606
2022-05-27,164.43685109428117,159.89035434065656,169.0277425954638
2022-05-31,164.48677425532367,159.41464808932153,169.06457540858696
2022-06-01,164.4998120147801,159.80164626605298,168.99645196651886
2022-06-02,164.42289103708958,159.72168013367897,169.2265132657625
2022-06-03,164.49493240777926,159.69581507391015,169.25896723243878
2022-06-06,164.44543472869069,159.56169958063282,168.80377808345628
2022-06-07,164.4694661880784,159.94037213495005,169.42584395552902
2022-06-08,164.48709604484236,159.78679168690783,169.04281081152695
2022-06-09,164.42496953250944,159.55047587430184,169.10103056948876
2022-06-10,164.52198564826358,160.00993914084137,169.48975282073
2022-06-13,164.60482580693423,159.71778041440643,169.13608868304334
2022-06-14,164.6898694446262,160.30871343659078,169.50173733964854
2022-06-15,164.77541988694801,160.00584119811316,169.40196573413365
2022-06-16,164.78700388450287,160.06118795701042,169.83326692781193
2022-06-17,164.96231605840762,160.19380085916447,169.19108577140003
2022-06-21,165.46390547961113,160.51361382024558,170.49340414151104
2022-06-22,165.63178365180357,160.72414235984934,170.14437511055007
2022-06-23,165.72295433273416,161.28200884765846,170.6203057683216
2022-06-24,165.97411783084763,161.53150581207996,170.63847444745642
2022-06-27,166.50368522604413,161.5977269124338,171.03226495008252
2022-06-28,166.72611813688053,161.72839315324214,171.7694076271321
2022-06-29,166.94059172646357,162.3190480721831,171.7320826093699
2022-06-30,167.07131522664375,162.28610773006287,171.6733251439148
2022-07-01,167.3548877759624,162.74325708510435,172.2190428135028
2022-07-05,168.16665008626134,163.1932382424408,172.96598736100256
2022-07-06,168.37969106191068,163.4937900872412,172.9434001595888
2022-07-07,168.50307018586076,163.9854973051755,173.47853109301255
2022-07-08,168.77376435400367,164.10671634175054,173.75038571785734
2022-07-11,169.29032693644808,164.42447910829785,173.80024624564328
2022-07-12,169.48645669833923,164.90100980760266,174.66687639252572
2022-07-13,169.66472097773246,164.79471471333994,174.4547438113478
2022-07-14,169.75001461137333,165.13071076530244,174.5056312966238
2022-07-15,169.9796277115908,165.62892226321978,174.57505098373113
2022-07-18,170.35786866706295,165.6652801492959,175.0122192968583
2022-07-19,170.5037862774533,165.95411288417932,175.19795962258615
2022-07-20,170.63024743523874,166.10712487867715,175.16778477664403
2022-07-21,170.66243965509221,165.94560754319406,175.3495289603951
2022-07-22,170.83796631919074,166.21048794734392,175.39930107241145
2022-07-25,171.05160350373095,166.4785952261859,175.79509714329228
2022-07-26,171.14323256589861,166.15083024305935,175.69198811167882
2022-07-27,171.21646667900197,166.4779065062123,176.01263916599086
2022-07-28,171.19700824174674,166.61234630531845,175.92614003534104
2022-07-29,171.32300355005063,166.2940078481384,176.18666863905923
2022-08-01,171.40643017554598,166.672920509192,176.50524218390052
2022-08-02,171.46267120172033,166.75963792525243,176.29052311644796
2022-08-03,171.50541893260444,166.85113655314828,176.11387413815325
2022-08-04,171.46084893957982,167.03549245499318,176.28553774267544
2022-08-05,171.56751505338843,166.9212655102967,176.28880286050455
2022-08-08,171.6303906223021,166.70810142083062,176.24308129658033
2022-08-09,171.69262353521486,167.0312646309431,176.2158906685524
2022-08-10,171.74764577444915,166.91556792752843,176.41403770514918
2022-08-11,171.72133777069465,166.58333981834394,176.54098579331605
2022-08-12,171.85180936944195,167.13884880406852,176.3529686906777
2022-08-15,172.01270634825966,167.62860407889923,176.8056290095312
2022-08-16,172.11356703490299,167.2814397796633,176.53552701466847
2022-08-17,172.20842963497432,167.52296562282126,176.5525829028053
2022-08-18,172.2219670819264,167.45117333532176,177.0137509702247
2022-08-19,172.39101295092883,167.74883497115638,177.15914264414
2022-08-22,172.64677320653658,168.1431757860014,177.38862222368815
2022-08-23,172.76794132153574,167.98934366598772,177.65490658471845
2022-08-24,172.87540857117483,168.1428673164136,177.62111849612918
2022-08-25,172.8927670400237,167.94098191030966,177.5574751342374
2022-08-26,173.05590987916298,168.4919634551024,177.78874213314432
2022-08-29,173.22888603879443,168.55609407140693,177.85912876694732
2022-08-30,173.29957414280582,168.58697797981236,178.03993225349973
2022-08-31,173.34510708112796,168.7718324582634,177.74735668406765
2022-09-01,173.28944370307715,168.55640358390883,177.9788003443604
2022-09-02,173.36909819869848,168.44305537316586,178.2020483480112
2022-09-06,173.19508287782202,168.31183722451502,178.15535043038113
2022-09-07,173.12241403098272,168.5422235677248,178.12230957512108
2022-09-08,172.9465315320725,167.9769214664452,177.687489570357
2022-09-09,172.90593015737088,168.10535886722278,177.8837093364989
2022-09-12,172.4352498897304,167.86164499759766,176.86647951864256
2022-09-13,172.29192118056702,167.50135259168167,176.696631738426
2022-09-14,172.1297292167497,167.35367798267822,176.633889403266
2022-09-15,171.87631459653645,167.32632400855826,176.57370523651537
2022-09-16,171.7718170173606,167.1082674351163,176.5590410636408
2022-09-19,171.20446291286544,166.7433594687206,175.96606857779608
2022-09-20,171.06370208488352,166.20973794515152,175.60451200202516
2022-09-21,170.9223217162718,166.220879707853,175.79465506423662
2022-09-22,170.7080152470395,165.85328957619313,175.31569861957018
2022-09-23,170.6606645094552,166.05231494393084,175.46430252437966
2022-09-26,170.36586287176817,165.73189499021677,174.73791618829193
2022-09-27,170.34586701193436,165.54672794970514,175.0572643847775
2022-09-28,170.33768109789088,165.76681829441983,175.30277063902065
2022-09-29,170.26716204722888,165.16277334301506,174.84864969838358
2022-09-30,170.3721896007778,166.0386831606927,174.88233130264982
2022-10-03,170.5643868237376,165.93377493175282,175.45766280744712
2022-10-04,170.70918823569795,166.0909759021068,175.35232626577812
2022-10-05,170.86330244204004,165.75555258720917,175.53256389125758
2022-10-06,170.95044494156443,166.15801106784986,175.87975915033036
2022-10-07,171.206472601228,166.3273690719796,175.63013591757147
2022-10-10,171.79396146150626,166.81343002525995,176.5905838787248
2022-10-11,172.04640560501187,167.25638591541562,176.55032003725833
2022-10-12,172.29425108237288,167.78019140315558,177.07408811559483
2022-10-13,172.46048968855766,167.86299076552547,177.42700513834262
2022-10-14,172.78052354857405,168.27786503994184,177.5696986195979
2022-10-17,173.46895312190404,168.799527701821,178.14797141978252
2022-10-18,173.72578462901262,168.702083027198,178.10680433680488
2022-10-19,173.96452638045903,169.45960727793803,178.8798753800319
2022-10-20,174.10916445264974,169.66215599900087,178.86532810469805
2022-10-21,174.39626801326514,169.74320132116458,178.9924003091528
2022-10-24,174.9315841636046,170.21840123839613,179.41559515905473
2022-10-25,175.12426928894212,170.21129079289835,179.97625982666005
2022-10-26,175.29492343243322,170.5274994433718,180.03496589830314
2022-10-27,175.36910372104165,170.89066041086645,180.03678836995016
2022-10-28,175.58491136000822,171.07345445993872,180.47511613548266
2022-10-31,175.91549840359144,171.0073448620548,180.81984376002296
2022-11-01,176.04718725312247,171.1218213430699,181.03943172811339
2022-11-02,176.16223329153522,171.57172570490704,181.0298804098266
2022-11-03,176.18702387291822,171.10262167497393,180.9688803308568
2022-11-04,176.3603248956905,171.71615569377101,181.21536020009253
2022-11-07,176.60877833579403,171.85901438617995,181.08594253178512
2022-11-08,176.72873238710622,172.1894260129022,181.39737235778884
2022-11-09,176.83971444379327,172.01782934470253,181.75028485096843
2022-11-10,176.86779376115038,172.227156420595,181.62517093344883
2022-11-11,177.05128185378953,172.10759439366447,182.0684860726145
2022-11-14,177.36538926654876,172.49388486301362,182.02810516997843
2022-11-15,177.5163494795355,172.85793469488158,181.97100478519602
2022-11-16,177.66142889673816,172.67095992222266,182.07296489331856
2022-11-17,177.72574117810652,172.67173702758478,182.17378290748553
2022-11-18,177.94661627296458,173.75362278221553,182.92424176081096
2022-11-21,178.36993871843487,173.00208088844414,183.10467733820383
2022-11-22,178.55311904753648,174.1296811231219,183.47108084394625
2022-11-23,178.7268170261063,173.84709683101704,183.35281549574472
2022-11-25,179.05521347061583,174.2226945262277,184.0545577689462
2022-11-28,179.4982412308749,174.93687983866963,184.34117309737007
2022-11-29,179.67392701735264,175.04267783134043,184.2682184471398
2022-11-30,179.83255156953788,175.41366330596324,184.83144236233244
2022-12-01,179.89824360852916,175.1252662198119,184.48436901803734
2022-12-02,180.10753487530624,175.462313549584,184.57175808970635
2022-12-05,180.41337494622317,175.84820362480642,185.02213239341106
2022-12-06,180.529233767883,175.40067925513378,185.37875562828185
2022-12-07,180.62178714366837,175.84079920711892,185.3259025099772
2022-12-08,180.61581165061898,175.94386209785432,185.47513997642562
2022-12-09,180.74858874113258,175.83134588679476,185.2834045577408
2022-12-12,180.80465385929753,176.00802662900472,185.9925409151956
2022-12-13,180.83383549196387,176.22000299036625,185.89528313358252
2022-12-14,180.83980868133443,176.31077738830248,185.62127724794078
2022-12-15,180.74848947408313,176.30092279934803,185.6410634905133
2022-12-16,180.79831294167644,176.06036906291106,185.7936141138713
2022-12-17,182.5527480796113,177.77753957148101,187.37627852254516
2022-12-18,182.50880133588066,177.55862018040506,187.26955662584487
2022-12-19,180.63122583000796,175.93652900306395,185.3561736252744
2022-12-20,180.5981933187727,176.20366738701705,185.3306406416799
2022-12-21,180.54967531244958,175.7884638968949,185.31844775730977
2022-12-22,180.41243319367814,175.6130536513039,184.97305075987222
2022-12-23,180.4256302430962,175.6827806469424,185.3169773619745
2022-12-24,182.15332992616965,177.38642809612756,186.87750263372902
2022-12-25,182.09298453765336,177.7084261909343,186.64042892561568
2022-12-26,180.20963166918733,175.17343482724925,184.73747933837066
2022-12-27,180.181555938675,175.6399495890981,184.92283379475276
2022-12-28,180.14866273405386,175.1542056384807,184.64598960708963
2022-12-29,180.03746412687653,175.44623749950188,184.6899779882229
2022-12-30,180.08669010625468,175.1373069437972,184.76188130087405
2022-12-31,181.85978966700844,177.12092130176154,186.74208795620984
2023-01-01,181.85342595183616,177.0557704993868,186.57183925066317
2023-01-02,180.0316829329362,175.39182073550785,184.92728865580136
2023-01-03,180.07174100344315,175.146161073081,185.310950177449
2023-01-04,180.1122680709842,175.5912654581644,184.54959673602278
2023-01-05,180.0784260568993,175.0250395657932,185.30951654479145
2023-01-06,180.20750560949395,175.55498171510308,184.70493637875953
2023-01-07,182.06145313793746,177.04282699345066,186.78610593221998
2023-01-08,182.13539386145408,177.43982953879944,186.79681070464824
2023-01-09,180.39186778616897,175.45254376380714,184.74151391703293
2023-01-10,180.50653535124013,175.9653117038617,185.31006718178662
2023-01-11,180.61659866644916,175.94453163650152,185.50379381739
2023-01-12,180.64583754950985,175.94453381835615,185.15064370598733
2023-01-13,180.830272468201,176.3594347185148,185.8050630943075
